Marchesa,15952
Akris,103106
Miu Miu,114401
Giuseppe Zanotti,114468
J Brand,44516
Elie Tahari,54666
Alexander Wang,34700
Lanvin,113641
Donna Karan,53437
Guess,23425
Rado,63403
Barbour,33295
Paul Smith,33282
Woolrich,23128
Clarks,23079
Porsche Design,73076
Maui Jim,23017
Mephisto,32952
Koolaburra,32755
Woolrich,32700
Timberland,22636
Roberto Cavalli,52573
Clarins,32562
Red Wing,22450
Brioni,62428
Lucky Brand,32376
Balmain,111349
Tory Burch,49967
Balmain,111349
Raymond Weil,70641
IWC,110221
Rick Owens,79293
DSQUARED2,78812
Kenzo,8731
Judith Ripka,68682
French Connection,48658
Etro,78611
Manolo Blahnik,85391
Jason Wu,45324
Alice + Olivia,59540
Brunello Cucinelli,87893
Carolina Herrera,81700
Diane von Furstenberg,54072
Eileen Fisher,38816
Nanette Lepore,46658
Vince,38086
Silent by Damir Doma,70261
E. Tautz,70000
Derek Lam,701513
Missoni,55415
Oscar de la Renta,47980
BOUDICCA,75000
Claudia Ciuti,45000
